{"stats":{"minecraft:killed_by":{"minecraft:zombie":1},"minecraft:custom":{"minecraft:jump":104,"minecraft:time_since_rest":3274,"minecraft:walk_on_water_one_cm":2129,"minecraft:damage_dealt":19,"minecraft:deaths":1,"minecraft:damage_taken":225,"minecraft:sprint_one_cm":8509,"minecraft:play_time":4665,"minecraft:time_since_death":3634,"minecraft:walk_one_cm":18937,"minecraft:sneak_time":20,"minecraft:total_world_time":4665,"minecraft:walk_under_water_one_cm":507,"minecraft:fall_one_cm":2177,"minecraft:fly_one_cm":53764},"minecraft:mined":{"minecraft:grass":1},"minecraft:used":{"alexsmobs:animal_dictionary":3,"minecraft:egg":1},"minecraft:picked_up":{"minecraft:egg":1}},"DataVersion":3465}